release_version,schema_version,congress_no,snapshot_date,chamber,committee_scope,side,raw_member_name,bioguide_id,committee_text,committee_code,detail
v0.1.0,1.1.0,113,2014-02-18,H,standing,directory_only,"Martha Roby, of Alabama.",R000591,House Education and the Workforce,HSED,
v0.1.0,1.1.0,113,2014-02-18,H,standing,observed_only,,B001255,House Ways and Means,HSWM,
v0.1.0,1.1.0,113,2014-02-18,H,standing,observed_only,,C000714,House Judiciary,HSJU,
v0.1.0,1.1.0,113,2014-02-18,H,standing,observed_only,,C001083,House Financial Services,HSBA,
v0.1.0,1.1.0,113,2014-02-18,H,standing,observed_only,,D000533,House Oversight and Government Reform,HSGO,
v0.1.0,1.1.0,113,2014-02-18,H,standing,observed_only,,D000533,House Transportation and Infrastructure,HSPW,
v0.1.0,1.1.0,113,2014-02-18,H,standing,observed_only,,J000288,House Armed Services,HSAS,
v0.1.0,1.1.0,113,2014-02-18,H,standing,observed_only,,J000288,House Judiciary,HSJU,
v0.1.0,1.1.0,113,2014-02-18,H,standing,observed_only,,P000034,House Energy and Commerce,HSIF,
v0.1.0,1.1.0,113,2014-02-18,H,standing,observed_only,,P000034,House Natural Resources,HSII,
v0.1.0,1.1.0,113,2014-02-18,H,standing,observed_only,,P000096,House Ways and Means,HSWM,
v0.1.0,1.1.0,113,2014-02-18,H,standing,observed_only,,P000604,House Homeland Security,HSHM,
v0.1.0,1.1.0,113,2014-02-18,H,standing,observed_only,,P000604,House Small Business,HSSM,
v0.1.0,1.1.0,113,2014-02-18,H,standing,observed_only,,S000244,House Judiciary,HSJU,
v0.1.0,1.1.0,113,2014-02-18,H,standing,observed_only,,S000244,"House Science, Space, and Technology",HSSY,
v0.1.0,1.1.0,113,2014-02-18,H,standing,observed_only,,W000814,House Foreign Affairs,HSFA,
v0.1.0,1.1.0,113,2014-02-18,H,standing,observed_only,,W000814,"House Science, Space, and Technology",HSSY,
v0.1.0,1.1.0,113,2014-02-18,S,standing,directory_only,"Robert P. Casey, Jr., of Pennsylvania.",C001070,"Senate Agriculture, Nutrition, and Forestry",SSAF,
v0.1.0,1.1.0,113,2014-02-18,S,standing,directory_only,"Patty Murray, of Washington.",M001111,Senate Rules and Administration,SSRA,
v0.1.0,1.1.0,113,2014-02-18,S,standing,directory_only,"John E. Walsh, of Montana.",W000818,"Senate Agriculture, Nutrition, and Forestry",SSAF,
v0.1.0,1.1.0,113,2014-02-18,S,standing,observed_only,,C001070,Senate Finance,SSFI,
v0.1.0,1.1.0,113,2014-02-18,S,standing,observed_only,,C001070,"Senate Health, Education, Labor, and Pensions",SSHR,
v0.1.0,1.1.0,113,2014-02-18,S,standing,observed_only,,K000383,Senate Armed Services,SSAS,
v0.1.0,1.1.0,113,2014-02-18,S,standing,observed_only,,K000383,Senate Budget,SSBU,
v0.1.0,1.1.0,113,2014-02-18,S,standing,observed_only,,K000383,Senate Rules and Administration,SSRA,
v0.1.0,1.1.0,114,2016-02-12,H,standing,directory_only,"Marsha Blackburn, of Tennessee.",B001243,House Budget,HSBU,
v0.1.0,1.1.0,114,2016-02-12,H,standing,directory_only,"Vern Buchanan, of Florida.",B001260,House Budget,HSBU,
v0.1.0,1.1.0,114,2016-02-12,H,standing,directory_only,"Bill Johnson, of Ohio.",J000292,"House Science, Space, and Technology",HSSY,
v0.1.0,1.1.0,114,2016-02-12,H,standing,directory_only,"Dan Newhouse, of Washington.",N000189,"House Science, Space, and Technology",HSSY,
v0.1.0,1.1.0,114,2016-02-12,H,standing,directory_only,"Mark Takai, of Hawaii.",T000473,House Natural Resources,HSII,
v0.1.0,1.1.0,114,2016-02-12,H,standing,observed_only,,B001255,House Ways and Means,HSWM,
v0.1.0,1.1.0,114,2016-02-12,H,standing,observed_only,,B001292,House Natural Resources,HSII,
v0.1.0,1.1.0,114,2016-02-12,H,standing,observed_only,,B001292,"House Science, Space, and Technology",HSSY,
v0.1.0,1.1.0,114,2016-02-12,H,standing,observed_only,,C000714,House Judiciary,HSJU,
v0.1.0,1.1.0,114,2016-02-12,H,standing,observed_only,,C001083,House Financial Services,HSBA,
v0.1.0,1.1.0,114,2016-02-12,H,standing,observed_only,,D000533,House Oversight and Government Reform,HSGO,
v0.1.0,1.1.0,114,2016-02-12,H,standing,observed_only,,D000533,House Transportation and Infrastructure,HSPW,
v0.1.0,1.1.0,114,2016-02-12,H,standing,observed_only,,D000625,House Foreign Affairs,HSFA,
v0.1.0,1.1.0,114,2016-02-12,H,standing,observed_only,,D000625,House Homeland Security,HSHM,
v0.1.0,1.1.0,114,2016-02-12,H,standing,observed_only,,G000570,House Budget,HSBU,
v0.1.0,1.1.0,114,2016-02-12,H,standing,observed_only,,H001071,House Natural Resources,HSII,
v0.1.0,1.1.0,114,2016-02-12,H,standing,observed_only,,J000288,House Armed Services,HSAS,
v0.1.0,1.1.0,114,2016-02-12,H,standing,observed_only,,J000288,House Judiciary,HSJU,
v0.1.0,1.1.0,114,2016-02-12,H,standing,observed_only,,J000292,House Budget,HSBU,
v0.1.0,1.1.0,114,2016-02-12,H,standing,observed_only,,L000585,House Natural Resources,HSII,
v0.1.0,1.1.0,114,2016-02-12,H,standing,observed_only,,L000585,"House Science, Space, and Technology",HSSY,
v0.1.0,1.1.0,114,2016-02-12,H,standing,observed_only,,P000034,House Energy and Commerce,HSIF,
v0.1.0,1.1.0,114,2016-02-12,H,standing,observed_only,,P000096,House Ways and Means,HSWM,
v0.1.0,1.1.0,114,2016-02-12,H,standing,observed_only,,P000604,House Homeland Security,HSHM,
v0.1.0,1.1.0,114,2016-02-12,H,standing,observed_only,,P000604,House Small Business,HSSM,
v0.1.0,1.1.0,114,2016-02-12,H,standing,observed_only,,S000244,House Judiciary,HSJU,
v0.1.0,1.1.0,114,2016-02-12,H,standing,observed_only,,S000244,"House Science, Space, and Technology",HSSY,
v0.1.0,1.1.0,114,2016-02-12,H,standing,observed_only,,W000814,House Foreign Affairs,HSFA,
v0.1.0,1.1.0,114,2016-02-12,H,standing,observed_only,,W000814,"House Science, Space, and Technology",HSSY,
v0.1.0,1.1.0,114,2016-02-12,H,standing,observed_only,,Z000018,House Natural Resources,HSII,
v0.1.0,1.1.0,114,2016-02-12,H,standing,unresolved_member,"Montana. Jody B. Hice, of Georgia.",,House Natural Resources,HSII,Could not resolve member name: Montana. Jody B. Hice
v0.1.0,1.1.0,114,2016-02-12,S,standing,observed_only,,C001070,Senate Finance,SSFI,
v0.1.0,1.1.0,114,2016-02-12,S,standing,observed_only,,C001070,"Senate Health, Education, Labor, and Pensions",SSHR,
v0.1.0,1.1.0,114,2016-02-12,S,standing,observed_only,,C001088,Senate Small Business and Entrepreneurship,SSSB,
v0.1.0,1.1.0,114,2016-02-12,S,standing,observed_only,,K000383,Senate Armed Services,SSAS,
v0.1.0,1.1.0,114,2016-02-12,S,standing,observed_only,,K000383,Senate Budget,SSBU,
v0.1.0,1.1.0,114,2016-02-12,S,standing,observed_only,,K000383,Senate Energy and Natural Resources,SSEG,
v0.1.0,1.1.0,114,2016-02-12,S,standing,observed_only,,K000383,Senate Rules and Administration,SSRA,
v0.1.0,1.1.0,114,2016-02-12,S,standing,observed_only,,M000133,Senate Environment and Public Works,SSEV,
v0.1.0,1.1.0,114,2016-02-12,S,standing,observed_only,,P000595,Senate Homeland Security and Governmental Affairs,SSGA,
v0.1.0,1.1.0,114,2016-02-12,S,standing,observed_only,,U000039,"Senate Commerce, Science, and Transportation",SSCM,
v0.1.0,1.1.0,115,2018-07-27,H,standing,directory_only,Judy Chu,C001080,Small Business,HSSM,
v0.1.0,1.1.0,115,2018-07-27,H,standing,directory_only,Gary J. Palmer,P000609,"Science, Space, and Technology",HSSY,
v0.1.0,1.1.0,115,2018-07-27,H,standing,directory_only,John P. Sarbanes,S001168,Oversight and Government Reform,HSGO,
v0.1.0,1.1.0,115,2018-07-27,H,standing,observed_only,,B000755,Ways and Means,HSWM,
v0.1.0,1.1.0,115,2018-07-27,H,standing,observed_only,,B001250,Natural Resources,HSII,
v0.1.0,1.1.0,115,2018-07-27,H,standing,observed_only,,B001284,Ethics,HSSO,
v0.1.0,1.1.0,115,2018-07-27,H,standing,observed_only,,C000266,Small Business,HSSM,
v0.1.0,1.1.0,115,2018-07-27,H,standing,observed_only,,C001062,Agriculture,HSAG,
v0.1.0,1.1.0,115,2018-07-27,H,standing,observed_only,,D000615,Foreign Affairs,HSFA,
v0.1.0,1.1.0,115,2018-07-27,H,standing,observed_only,,D000615,Homeland Security,HSHM,
v0.1.0,1.1.0,115,2018-07-27,H,standing,observed_only,,F000372,Appropriations,HSAP,
v0.1.0,1.1.0,115,2018-07-27,H,standing,observed_only,,F000450,Education and the Workforce,HSED,
v0.1.0,1.1.0,115,2018-07-27,H,standing,observed_only,,F000461,Veterans' Affairs,HSVR,
v0.1.0,1.1.0,115,2018-07-27,H,standing,observed_only,,G000289,Judiciary,HSJU,
v0.1.0,1.1.0,115,2018-07-27,H,standing,observed_only,,G000566,Oversight and Government Reform,HSGO,
v0.1.0,1.1.0,115,2018-07-27,H,standing,observed_only,,H001036,Financial Services,HSBA,
v0.1.0,1.1.0,115,2018-07-27,H,standing,observed_only,,H001045,House Administration,HSHA,
v0.1.0,1.1.0,115,2018-07-27,H,standing,observed_only,,H001056,Ethics,HSSO,
v0.1.0,1.1.0,115,2018-07-27,H,standing,observed_only,,M001157,Homeland Security,HSHM,
v0.1.0,1.1.0,115,2018-07-27,H,standing,observed_only,,R000487,Foreign Affairs,HSFA,
v0.1.0,1.1.0,115,2018-07-27,H,standing,observed_only,,R000582,Veterans' Affairs,HSVR,
v0.1.0,1.1.0,115,2018-07-27,H,standing,observed_only,,R000583,Ethics,HSSO,
v0.1.0,1.1.0,115,2018-07-27,H,standing,observed_only,,S000250,Rules,HSRU,
v0.1.0,1.1.0,115,2018-07-27,H,standing,observed_only,,S000583,"Science, Space, and Technology",HSSY,
v0.1.0,1.1.0,115,2018-07-27,H,standing,observed_only,,S001154,Transportation and Infrastructure,HSPW,
v0.1.0,1.1.0,115,2018-07-27,H,standing,observed_only,,T000238,Armed Services,HSAS,
v0.1.0,1.1.0,115,2018-07-27,H,standing,observed_only,,W000791,Energy and Commerce,HSIF,
v0.1.0,1.1.0,115,2018-07-27,H,standing,observed_only,,W000809,Budget,HSBU,
v0.1.0,1.1.0,115,2018-07-27,S,standing,observed_only,,A000360,"Health, Education, Labor, and Pensions",SSHR,
v0.1.0,1.1.0,115,2018-07-27,S,standing,observed_only,,B000575,Rules and Administration,SSRA,
v0.1.0,1.1.0,115,2018-07-27,S,standing,observed_only,,B001261,Environment and Public Works,SSEV,
v0.1.0,1.1.0,115,2018-07-27,S,standing,observed_only,,B001288,"Commerce, Science, and Transportation",SSCM,
v0.1.0,1.1.0,115,2018-07-27,S,standing,observed_only,,C000880,"Banking, Housing, and Urban Affairs",SSBK,
v0.1.0,1.1.0,115,2018-07-27,S,standing,observed_only,,C001071,Foreign Relations,SSFR,
v0.1.0,1.1.0,115,2018-07-27,S,standing,observed_only,,E000285,Budget,SSBU,
v0.1.0,1.1.0,115,2018-07-27,S,standing,observed_only,,H000338,Finance,SSFI,
v0.1.0,1.1.0,115,2018-07-27,S,standing,observed_only,,H001075,Environment and Public Works,SSEV,
v0.1.0,1.1.0,115,2018-07-27,S,standing,observed_only,,I000055,Veterans' Affairs,SSVA,
v0.1.0,1.1.0,115,2018-07-27,S,standing,observed_only,,J000293,Homeland Security and Governmental Affairs,SSGA,
v0.1.0,1.1.0,115,2018-07-27,S,standing,observed_only,,M000303,Armed Services,SSAS,
v0.1.0,1.1.0,115,2018-07-27,S,standing,observed_only,,R000307,"Agriculture, Nutrition, and Forestry",SSAF,
v0.1.0,1.1.0,115,2018-07-27,S,standing,observed_only,,R000584,Small Business and Entrepreneurship,SSSB,
v0.1.0,1.1.0,115,2018-07-27,S,standing,observed_only,,T000250,"Commerce, Science, and Transportation",SSCM,
v0.1.0,1.1.0,115,2018-07-27,S,standing,observed_only,,T000464,Homeland Security and Governmental Affairs,SSGA,
v0.1.0,1.1.0,115,2018-07-27,S,standing,observed_only,,V000128,"Agriculture, Nutrition, and Forestry",SSAF,
v0.1.0,1.1.0,115,2018-07-27,S,standing,observed_only,,W000802,"Health, Education, Labor, and Pensions",SSHR,
v0.1.0,1.1.0,115,2018-10-29,H,standing,directory_only,Judy Chu,C001080,Small Business,HSSM,
v0.1.0,1.1.0,115,2018-10-29,H,standing,directory_only,Chris Collins,C001092,Energy and Commerce,HSIF,
v0.1.0,1.1.0,115,2018-10-29,H,standing,directory_only,James Comer,C001108,Small Business,HSSM,
v0.1.0,1.1.0,115,2018-10-29,H,standing,directory_only,Ron DeSantis,D000621,Foreign Affairs,HSFA,
v0.1.0,1.1.0,115,2018-10-29,H,standing,directory_only,Ron DeSantis,D000621,Oversight and Government Reform,HSGO,
v0.1.0,1.1.0,115,2018-10-29,H,standing,directory_only,Ron DeSantis,D000621,Judiciary,HSJU,
v0.1.0,1.1.0,115,2018-10-29,H,standing,directory_only,Duncan Hunter,H001048,Armed Services,HSAS,
v0.1.0,1.1.0,115,2018-10-29,H,standing,directory_only,Duncan Hunter,H001048,Education and the Workforce,HSED,
v0.1.0,1.1.0,115,2018-10-29,H,standing,directory_only,Duncan Hunter,H001048,Transportation and Infrastructure,HSPW,
v0.1.0,1.1.0,115,2018-10-29,H,standing,directory_only,Evan H. Jenkins,J000297,Appropriations,HSAP,
v0.1.0,1.1.0,115,2018-10-29,H,standing,directory_only,Barry Loudermilk,L000583,"Science, Space, and Technology",HSSY,
v0.1.0,1.1.0,115,2018-10-29,H,standing,directory_only,Gary J. Palmer,P000609,"Science, Space, and Technology",HSSY,
v0.1.0,1.1.0,115,2018-10-29,H,standing,directory_only,John P. Sarbanes,S001168,Oversight and Government Reform,HSGO,
v0.1.0,1.1.0,115,2018-10-29,H,standing,observed_only,,B000755,Ways and Means,HSWM,
v0.1.0,1.1.0,115,2018-10-29,H,standing,observed_only,,B001250,Natural Resources,HSII,
v0.1.0,1.1.0,115,2018-10-29,H,standing,observed_only,,B001284,Ethics,HSSO,
v0.1.0,1.1.0,115,2018-10-29,H,standing,observed_only,,B001306,Small Business,HSSM,
v0.1.0,1.1.0,115,2018-10-29,H,standing,observed_only,,B001306,"Science, Space, and Technology",HSSY,
v0.1.0,1.1.0,115,2018-10-29,H,standing,observed_only,,C000266,Small Business,HSSM,
v0.1.0,1.1.0,115,2018-10-29,H,standing,observed_only,,C001062,Agriculture,HSAG,
v0.1.0,1.1.0,115,2018-10-29,H,standing,observed_only,,D000615,Foreign Affairs,HSFA,
v0.1.0,1.1.0,115,2018-10-29,H,standing,observed_only,,D000615,Homeland Security,HSHM,
v0.1.0,1.1.0,115,2018-10-29,H,standing,observed_only,,F000372,Appropriations,HSAP,
v0.1.0,1.1.0,115,2018-10-29,H,standing,observed_only,,F000450,Education and the Workforce,HSED,
v0.1.0,1.1.0,115,2018-10-29,H,standing,observed_only,,F000461,Veterans' Affairs,HSVR,
v0.1.0,1.1.0,115,2018-10-29,H,standing,observed_only,,G000289,Judiciary,HSJU,
v0.1.0,1.1.0,115,2018-10-29,H,standing,observed_only,,G000566,Oversight and Government Reform,HSGO,
v0.1.0,1.1.0,115,2018-10-29,H,standing,observed_only,,H001036,Financial Services,HSBA,
v0.1.0,1.1.0,115,2018-10-29,H,standing,observed_only,,H001045,House Administration,HSHA,
v0.1.0,1.1.0,115,2018-10-29,H,standing,observed_only,,H001056,Ethics,HSSO,
v0.1.0,1.1.0,115,2018-10-29,H,standing,observed_only,,M001157,Homeland Security,HSHM,
v0.1.0,1.1.0,115,2018-10-29,H,standing,observed_only,,R000487,Foreign Affairs,HSFA,
v0.1.0,1.1.0,115,2018-10-29,H,standing,observed_only,,R000582,Veterans' Affairs,HSVR,
v0.1.0,1.1.0,115,2018-10-29,H,standing,observed_only,,R000583,Ethics,HSSO,
v0.1.0,1.1.0,115,2018-10-29,H,standing,observed_only,,S000250,Rules,HSRU,
v0.1.0,1.1.0,115,2018-10-29,H,standing,observed_only,,S000583,"Science, Space, and Technology",HSSY,
v0.1.0,1.1.0,115,2018-10-29,H,standing,observed_only,,S001154,Transportation and Infrastructure,HSPW,
v0.1.0,1.1.0,115,2018-10-29,H,standing,observed_only,,T000238,Armed Services,HSAS,
v0.1.0,1.1.0,115,2018-10-29,H,standing,observed_only,,W000791,Energy and Commerce,HSIF,
v0.1.0,1.1.0,115,2018-10-29,H,standing,observed_only,,W000809,Budget,HSBU,
v0.1.0,1.1.0,115,2018-10-29,S,standing,directory_only,John McCain,M000303,Homeland Security and Governmental Affairs,SSGA,
v0.1.0,1.1.0,115,2018-10-29,S,standing,observed_only,,A000360,"Health, Education, Labor, and Pensions",SSHR,
v0.1.0,1.1.0,115,2018-10-29,S,standing,observed_only,,B000575,Rules and Administration,SSRA,
v0.1.0,1.1.0,115,2018-10-29,S,standing,observed_only,,B001261,Environment and Public Works,SSEV,
v0.1.0,1.1.0,115,2018-10-29,S,standing,observed_only,,B001288,"Commerce, Science, and Transportation",SSCM,
v0.1.0,1.1.0,115,2018-10-29,S,standing,observed_only,,C000880,"Banking, Housing, and Urban Affairs",SSBK,
v0.1.0,1.1.0,115,2018-10-29,S,standing,observed_only,,C001071,Foreign Relations,SSFR,
v0.1.0,1.1.0,115,2018-10-29,S,standing,observed_only,,E000285,Budget,SSBU,
v0.1.0,1.1.0,115,2018-10-29,S,standing,observed_only,,H000338,Finance,SSFI,
v0.1.0,1.1.0,115,2018-10-29,S,standing,observed_only,,H001075,Environment and Public Works,SSEV,
v0.1.0,1.1.0,115,2018-10-29,S,standing,observed_only,,I000055,Veterans' Affairs,SSVA,
v0.1.0,1.1.0,115,2018-10-29,S,standing,observed_only,,J000293,Homeland Security and Governmental Affairs,SSGA,
v0.1.0,1.1.0,115,2018-10-29,S,standing,observed_only,,K000352,Armed Services,SSAS,
v0.1.0,1.1.0,115,2018-10-29,S,standing,observed_only,,K000352,Homeland Security and Governmental Affairs,SSGA,
v0.1.0,1.1.0,115,2018-10-29,S,standing,observed_only,,R000307,"Agriculture, Nutrition, and Forestry",SSAF,
v0.1.0,1.1.0,115,2018-10-29,S,standing,observed_only,,R000584,Small Business and Entrepreneurship,SSSB,
v0.1.0,1.1.0,115,2018-10-29,S,standing,observed_only,,T000250,"Commerce, Science, and Transportation",SSCM,
v0.1.0,1.1.0,115,2018-10-29,S,standing,observed_only,,T000464,Homeland Security and Governmental Affairs,SSGA,
v0.1.0,1.1.0,115,2018-10-29,S,standing,observed_only,,V000128,"Agriculture, Nutrition, and Forestry",SSAF,
v0.1.0,1.1.0,115,2018-10-29,S,standing,observed_only,,W000802,"Health, Education, Labor, and Pensions",SSHR,
v0.1.0,1.1.0,116,2020-07-22,H,standing,directory_only,Troy Balderson,B001306,Agriculture,HSAG,
v0.1.0,1.1.0,116,2020-07-22,H,standing,directory_only,Mike Garcia,G000061,Homeland Security,HSHM,
v0.1.0,1.1.0,116,2020-07-22,H,standing,directory_only,Mark E. Green,G000590,Foreign Affairs,HSFA,
v0.1.0,1.1.0,116,2020-07-22,H,standing,directory_only,Cathy McMorris Rodgers,M001159,Energy and Commerce,HSIF,
v0.1.0,1.1.0,116,2020-07-22,H,standing,directory_only,Doris O. Matsui,M001163,Rules,HSRU,
v0.1.0,1.1.0,116,2020-07-22,H,standing,directory_only,Pete Stauber,S001212,Natural Resources,HSII,
v0.1.0,1.1.0,116,2020-07-22,H,standing,observed_only,,A000367,Oversight and Reform,HSGO,
v0.1.0,1.1.0,116,2020-07-22,H,standing,observed_only,,K000210,Financial Services,HSBA,
v0.1.0,1.1.0,116,2020-07-22,H,standing,observed_only,,R000600,Natural Resources,HSII,
v0.1.0,1.1.0,116,2020-07-22,H,standing,observed_only,,R000600,Small Business,HSSM,
v0.1.0,1.1.0,116,2020-07-22,H,standing,observed_only,,R000600,Veterans' Affairs,HSVR,
v0.1.0,1.1.0,116,2020-07-22,H,standing,observed_only,,S001177,Education and Labor,HSED,
v0.1.0,1.1.0,116,2020-07-22,H,standing,observed_only,,S001177,Natural Resources,HSII,
v0.1.0,1.1.0,116,2020-07-22,H,standing,observed_only,,S001177,Veterans' Affairs,HSVR,
v0.1.0,1.1.0,116,2020-07-22,H,standing,observed_only,,V000133,Agriculture,HSAG,
v0.1.0,1.1.0,116,2020-07-22,H,standing,observed_only,,V000133,Natural Resources,HSII,
v0.1.0,1.1.0,117,2022-10-26,H,standing,directory_only,Mark E. Green,G000590,Foreign Affairs,HSFA,
v0.1.0,1.1.0,117,2022-10-26,H,standing,directory_only,Jaime Herrera Beutler,H001056,Appropriations,HSAP,
v0.1.0,1.1.0,117,2022-10-26,H,standing,directory_only,Diana Harshbarger,H001086,Homeland Security,HSHM,
v0.1.0,1.1.0,117,2022-10-26,H,standing,directory_only,Joseph D. Morelle,M001206,Agriculture,HSAG,
v0.1.0,1.1.0,117,2022-10-26,H,standing,directory_only,Mariannette Miller-Meeks,M001215,Homeland Security,HSHM,
v0.1.0,1.1.0,117,2022-10-26,H,standing,observed_only,,B001298,Agriculture,HSAG,
v0.1.0,1.1.0,117,2022-10-26,H,standing,observed_only,,B001300,Homeland Security,HSHM,
v0.1.0,1.1.0,117,2022-10-26,H,standing,observed_only,,C001087,Agriculture,HSAG,
v0.1.0,1.1.0,117,2022-10-26,H,standing,observed_only,,C001115,Agriculture,HSAG,
v0.1.0,1.1.0,117,2022-10-26,H,standing,observed_only,,D000616,Agriculture,HSAG,
v0.1.0,1.1.0,117,2022-10-26,H,standing,observed_only,,K000388,Agriculture,HSAG,
v0.1.0,1.1.0,117,2022-10-26,S,standing,directory_only,Steve Daines,D000618,Appropriations,SSAP,
v0.1.0,1.1.0,117,2022-10-26,S,standing,directory_only,James Lankford,L000575,Appropriations,SSAP,
v0.1.0,1.1.0,117,2022-10-26,S,standing,directory_only,Kyrsten Sinema,S001191,"Banking, Housing, and Urban Affairs",SSBK,
v0.1.0,1.1.0,117,2022-10-26,S,standing,directory_only,Kyrsten Sinema,S001191,"Commerce, Science, and Transportation",SSCM,
v0.1.0,1.1.0,117,2022-10-26,S,standing,directory_only,Kyrsten Sinema,S001191,Homeland Security and Governmental Affairs,SSGA,
v0.1.0,1.1.0,117,2022-10-26,S,standing,directory_only,Kyrsten Sinema,S001191,Veterans' Affairs,SSVA,
v0.1.0,1.1.0,117,2022-10-26,S,standing,observed_only,,B001310,Appropriations,SSAP,
v0.1.0,1.1.0,117,2022-10-26,S,standing,observed_only,,H000601,Appropriations,SSAP,
v0.1.0,1.1.0,117,2022-10-26,S,standing,observed_only,,H001046,Appropriations,SSAP,
v0.1.0,1.1.0,117,2022-10-26,S,standing,observed_only,,R000608,"Health, Education, Labor, and Pensions",SSHR,
v0.1.0,1.1.0,117,2022-10-26,S,standing,unresolved_member,Tom Udall,,Appropriations,SSAP,Could not resolve member name: Tom Udall
v0.1.0,1.1.0,118,2024-04-25,H,standing,directory_only,Kelly Armstrong (ND-AT),A000377,Oversight and Accountability,HSGO,
v0.1.0,1.1.0,118,2024-04-25,H,standing,directory_only,Chuck Edwards (NC-11),E000246,Budget,HSBU,
v0.1.0,1.1.0,118,2024-04-25,H,standing,directory_only,John James (MI-10),J000307,Education and the Workforce,HSED,
v0.1.0,1.1.0,118,2024-04-25,H,standing,directory_only,John James (MI-10),J000307,Transportation and Infrastructure,HSPW,
v0.1.0,1.1.0,118,2024-04-25,H,standing,directory_only,Barry Loudermilk (GA-11),L000583,House Administration,HSHA,
v0.1.0,1.1.0,118,2024-04-25,H,standing,directory_only,Dina Titus (NV-01),T000468,Homeland Security,HSHM,
v0.1.0,1.1.0,118,2024-04-25,H,standing,observed_only,,G000585,Ways and Means,HSWM,
v0.1.0,1.1.0,118,2024-04-25,H,standing,observed_only,,H001085,Foreign Affairs,HSFA,
v0.1.0,1.1.0,118,2024-04-25,H,standing,observed_only,,K000401,Transportation and Infrastructure,HSPW,
v0.1.0,1.1.0,118,2024-04-25,H,standing,observed_only,,S001201,Homeland Security,HSHM,
v0.1.0,1.1.0,118,2024-04-25,S,standing,directory_only,Mark Kelly (AZ),K000377,Energy and Natural Resources,SSEG,
v0.1.0,1.1.0,118,2024-04-25,S,standing,directory_only,Joe Manchin III (WV),M001183,Appropriations,SSAP,
v0.1.0,1.1.0,118,2024-04-25,S,standing,directory_only,Joe Manchin III (WV),M001183,Armed Services,SSAS,
v0.1.0,1.1.0,118,2024-04-25,S,standing,directory_only,Joe Manchin III (WV) CHAIRMAN,M001183,Energy and Natural Resources,SSEG,
v0.1.0,1.1.0,118,2024-04-25,S,standing,directory_only,Joe Manchin III (WV),M001183,Veterans’ Affairs,SSVA,
v0.1.0,1.1.0,118,2024-04-25,S,standing,directory_only,Alex Padilla (CA),P000145,Homeland Security and Governmental Affairs,SSGA,
v0.1.0,1.1.0,118,2024-04-25,S,standing,observed_only,,B001320,Homeland Security and Governmental Affairs,SSGA,
v0.1.0,1.1.0,118,2024-04-25,S,standing,observed_only,,B001320,Judiciary,SSJU,
v0.1.0,1.1.0,118,2024-04-25,S,standing,observed_only,,B001320,Rules and Administration,SSRA,
v0.1.0,1.1.0,118,2024-04-25,S,standing,observed_only,,P000145,Energy and Natural Resources,SSEG,
v0.1.0,1.1.0,118,2024-04-25,S,standing,observed_only,,S001191,Appropriations,SSAP,
